provider,entry_price_usd_per_month,source_url
Apple iCloud+,0.99,https://backupshortlist.com/tools/icloud
Microsoft OneDrive,1.67,https://backupshortlist.com/tools/onedrive
Google One,1.67,https://backupshortlist.com/tools/google-one
CloudsLinker,3.33,https://backupshortlist.com/tools/cloudslinker
pCloud,4.17,https://backupshortlist.com/tools/pcloud
Sync.com,6,https://backupshortlist.com/tools/sync-com
IDrive,6.99,https://backupshortlist.com/tools/idrive
NordLocker,6.99,https://backupshortlist.com/tools/nordlocker
Acronis True Image,7.5,https://backupshortlist.com/tools/acronis
Carbonite Safe,8,https://backupshortlist.com/tools/carbonite
Backblaze Personal Backup,8.25,https://backupshortlist.com/tools/backblaze
Filen,7.5,https://backupshortlist.com/tools/filen
Icedrive,8.25,https://backupshortlist.com/tools/icedrive
MEGA,8.33,https://backupshortlist.com/tools/mega
Proton Drive,9.99,https://backupshortlist.com/tools/proton-drive
Dropbox,9.99,https://backupshortlist.com/tools/dropbox
Koofr,10,https://backupshortlist.com/tools/koofr
Tresorit,11.99,https://backupshortlist.com/tools/tresorit
