provider,entry_price_eur_per_month,source_url
Bitwarden,1.65,https://wachtwoordkiezer.nl/tools/bitwarden
Enpass,1.79,https://wachtwoordkiezer.nl/tools/enpass
RoboForm,2.49,https://wachtwoordkiezer.nl/tools/roboform
LastPass,2.9,https://wachtwoordkiezer.nl/tools/lastpass
NordPass,2.99,https://wachtwoordkiezer.nl/tools/nordpass
Proton Pass,2.99,https://wachtwoordkiezer.nl/tools/proton-pass
1Password,3.65,https://wachtwoordkiezer.nl/tools/1password
Dashlane,3.96,https://wachtwoordkiezer.nl/tools/dashlane
Keeper,4.34,https://wachtwoordkiezer.nl/tools/keeper
